event_id,event_date,event_type,business_line,loss_amount
0,2021-01-01,Process Error,Retail Banking,5177.701000933253
1,2021-01-02,External Fraud,Retail Banking,31519.03297331266
2,2021-01-03,Process Error,Asset Management,25855.827740725057
3,2021-01-04,Process Error,Corporate Finance,5051.113304797504
4,2021-01-05,External Fraud,Retail Banking,3664.655641289899
5,2021-01-06,External Fraud,Asset Management,5380.1978510059635
6,2021-01-07,External Fraud,Retail Banking,5610.585745283823
7,2021-01-08,External Fraud,Retail Banking,19578.439930535227
8,2021-01-09,Process Error,Corporate Finance,6093.477686185449
9,2021-01-10,Process Error,Retail Banking,14254.213334859614
10,2021-01-11,Internal Fraud,Asset Management,5559.79044793104
11,2021-01-12,Internal Fraud,Asset Management,51973.2062688721
12,2021-01-13,Process Error,Corporate Finance,49511.857722797205
13,2021-01-14,Internal Fraud,Retail Banking,6080.780725554621
14,2021-01-15,Process Error,Asset Management,5833.922154548904
15,2021-01-16,Internal Fraud,Retail Banking,5459.180079228437
16,2021-01-17,External Fraud,Retail Banking,4929.834288541353
17,2021-01-18,Internal Fraud,Retail Banking,22064.96962118782
18,2021-01-19,External Fraud,Corporate Finance,3339.039066484009
19,2021-01-20,External Fraud,Retail Banking,5429.618219132586
20,2021-01-21,External Fraud,Asset Management,50289.64804703085
21,2021-01-22,External Fraud,Retail Banking,5207.687687163111
22,2021-01-23,Internal Fraud,Asset Management,5271.578837195373
23,2021-01-24,Process Error,Retail Banking,3723.2514241796907
24,2021-01-25,External Fraud,Asset Management,3918.9434595917373
25,2021-01-26,Internal Fraud,Asset Management,4729.127365642682
26,2021-01-27,External Fraud,Retail Banking,6053.152853332904
27,2021-01-28,Internal Fraud,Retail Banking,16100.861473476129
28,2021-01-29,Internal Fraud,Asset Management,13317.32618791169
29,2021-01-30,Internal Fraud,Corporate Finance,4960.444846143345
30,2021-01-31,Process Error,Retail Banking,9297.217908335566
31,2021-02-01,Internal Fraud,Corporate Finance,5681.500697372625
32,2021-02-02,Internal Fraud,Retail Banking,5028.318376130461
33,2021-02-03,Process Error,Retail Banking,50177.528883898216
34,2021-02-04,Process Error,Retail Banking,6543.39569686755
35,2021-02-05,Internal Fraud,Retail Banking,25456.002099965503
36,2021-02-06,Process Error,Corporate Finance,5029.756139495746
37,2021-02-07,External Fraud,Retail Banking,5938.283805975998
38,2021-02-08,External Fraud,Asset Management,29370.33453660916
39,2021-02-09,Process Error,Asset Management,4483.955271782626
40,2021-02-10,Process Error,Corporate Finance,5096.120776940983
41,2021-02-11,Internal Fraud,Retail Banking,4537.724711294957
42,2021-02-12,Process Error,Asset Management,4565.503772567685
43,2021-02-13,Internal Fraud,Corporate Finance,37468.543505620575
44,2021-02-14,External Fraud,Retail Banking,4690.827876531361
45,2021-02-15,Process Error,Asset Management,20107.989810710984
46,2021-02-16,Internal Fraud,Asset Management,5222.133771633713
47,2021-02-17,Internal Fraud,Corporate Finance,20534.089956434924
48,2021-02-18,External Fraud,Retail Banking,4442.924627846454
49,2021-02-19,Process Error,Retail Banking,4521.251378336523
50,2021-02-20,External Fraud,Asset Management,28769.67021905992
51,2021-02-21,Internal Fraud,Asset Management,10009.623239532897
52,2021-02-22,Internal Fraud,Asset Management,34393.31276422589
53,2021-02-23,Process Error,Retail Banking,22944.77918230385
54,2021-02-24,Internal Fraud,Corporate Finance,13862.104929905498
55,2021-02-25,Process Error,Corporate Finance,13077.533740603787
56,2021-02-26,External Fraud,Retail Banking,6255.756125573521
57,2021-02-27,Process Error,Corporate Finance,4105.392697780496
58,2021-02-28,Process Error,Asset Management,4813.128355838641
59,2021-03-01,Internal Fraud,Corporate Finance,4560.268941725825
60,2021-03-02,Internal Fraud,Corporate Finance,6446.977884353733
61,2021-03-03,Process Error,Corporate Finance,5196.554776511574
62,2021-03-04,Internal Fraud,Asset Management,6714.548240420606
63,2021-03-05,Internal Fraud,Retail Banking,6031.844539468635
64,2021-03-06,Internal Fraud,Asset Management,3514.439626963028
65,2021-03-07,Process Error,Retail Banking,15172.876863900046
66,2021-03-08,Internal Fraud,Retail Banking,5267.0502658692585
67,2021-03-09,Process Error,Retail Banking,14018.054710759858
68,2021-03-10,Internal Fraud,Corporate Finance,5889.630795623437
69,2021-03-11,External Fraud,Corporate Finance,143584.20141563617
70,2021-03-12,Internal Fraud,Retail Banking,58429.20466768867
71,2021-03-13,Internal Fraud,Retail Banking,5082.283989275425
72,2021-03-14,Process Error,Corporate Finance,6065.480375065351
73,2021-03-15,Process Error,Asset Management,15678.477276750304
74,2021-03-16,Internal Fraud,Retail Banking,10467.516842373569
75,2021-03-17,External Fraud,Asset Management,1000.0
76,2021-03-18,Internal Fraud,Corporate Finance,14004.844152713706
77,2021-03-19,Internal Fraud,Retail Banking,4482.711549899628
78,2021-03-20,External Fraud,Asset Management,6409.34744018558
79,2021-03-21,Process Error,Asset Management,7298.89812361925
80,2021-03-22,Internal Fraud,Asset Management,5588.280085176659
81,2021-03-23,Process Error,Corporate Finance,19294.991213058776
82,2021-03-24,Process Error,Corporate Finance,4637.161439560341
83,2021-03-25,External Fraud,Asset Management,4554.497478599228
84,2021-03-26,External Fraud,Asset Management,6453.384477117701
85,2021-03-27,Process Error,Corporate Finance,6579.572145730713
86,2021-03-28,Internal Fraud,Asset Management,13898.732102614036
87,2021-03-29,Process Error,Asset Management,1000.0
88,2021-03-30,Internal Fraud,Corporate Finance,36785.33548602664
89,2021-03-31,Internal Fraud,Asset Management,4477.139972846731
90,2021-04-01,External Fraud,Asset Management,4579.813182904143
91,2021-04-02,Internal Fraud,Asset Management,16597.346469473043
92,2021-04-03,Internal Fraud,Corporate Finance,19725.68029331786
93,2021-04-04,Process Error,Asset Management,3989.743312089755
94,2021-04-05,External Fraud,Corporate Finance,7410.552135018805
95,2021-04-06,Internal Fraud,Corporate Finance,4718.215391139493
96,2021-04-07,Internal Fraud,Retail Banking,12696.62766742068
97,2021-04-08,External Fraud,Retail Banking,3655.549488965723
98,2021-04-09,Process Error,Asset Management,4081.348053515802
99,2021-04-10,External Fraud,Corporate Finance,3995.859233247932
100,2021-04-11,External Fraud,Retail Banking,4232.202434895871
101,2021-04-12,Internal Fraud,Asset Management,8318.093108130848
102,2021-04-13,Internal Fraud,Retail Banking,4965.315112613219
103,2021-04-14,Process Error,Retail Banking,9523.633621746727
104,2021-04-15,Internal Fraud,Corporate Finance,40087.586672333025
105,2021-04-16,Internal Fraud,Corporate Finance,5234.21473253652
106,2021-04-17,External Fraud,Retail Banking,6550.500492814077
107,2021-04-18,Internal Fraud,Retail Banking,16707.305916885904
108,2021-04-19,Process Error,Corporate Finance,4001.645959261209
109,2021-04-20,External Fraud,Asset Management,5984.322398476584
110,2021-04-21,Process Error,Corporate Finance,4786.011155774491
111,2021-04-22,External Fraud,Retail Banking,4950.536290347567
112,2021-04-23,Internal Fraud,Asset Management,54237.45894222215
113,2021-04-24,External Fraud,Retail Banking,30628.460965947987
114,2021-04-25,External Fraud,Asset Management,7842.74288811722
115,2021-04-26,Internal Fraud,Retail Banking,39811.8967580993
116,2021-04-27,Internal Fraud,Asset Management,79869.71266643138
117,2021-04-28,Process Error,Asset Management,5674.819492166604
118,2021-04-29,Process Error,Retail Banking,13071.225356059977
119,2021-04-30,Internal Fraud,Asset Management,2935.735215345271
120,2021-05-01,Internal Fraud,Corporate Finance,11376.493207619656
121,2021-05-02,Internal Fraud,Retail Banking,10237.261409157562
122,2021-05-03,External Fraud,Corporate Finance,3877.2779784377017
123,2021-05-04,External Fraud,Retail Banking,5382.40974618405
124,2021-05-05,External Fraud,Asset Management,5166.452208213056
125,2021-05-06,Internal Fraud,Asset Management,5492.451264008149
126,2021-05-07,Process Error,Asset Management,18287.285015714835
127,2021-05-08,Internal Fraud,Retail Banking,60077.80155919479
128,2021-05-09,External Fraud,Corporate Finance,5289.1686439078185
129,2021-05-10,External Fraud,Corporate Finance,25151.37002777294
130,2021-05-11,Internal Fraud,Retail Banking,7455.300139910894
131,2021-05-12,Internal Fraud,Retail Banking,4362.260015748684
132,2021-05-13,External Fraud,Corporate Finance,4469.003044998182
133,2021-05-14,External Fraud,Corporate Finance,4376.859473575236
134,2021-05-15,External Fraud,Corporate Finance,31877.249656285963
135,2021-05-16,Internal Fraud,Corporate Finance,4444.522880839745
136,2021-05-17,External Fraud,Retail Banking,5196.43535565531
137,2021-05-18,External Fraud,Retail Banking,11289.543242216674
138,2021-05-19,Process Error,Asset Management,4362.612872693482
139,2021-05-20,Internal Fraud,Corporate Finance,31010.600198217056
140,2021-05-21,Process Error,Asset Management,6164.0200545738735
141,2021-05-22,Process Error,Retail Banking,6189.016531107552
142,2021-05-23,External Fraud,Retail Banking,6420.504247989855
143,2021-05-24,Internal Fraud,Asset Management,4429.2537062505235
144,2021-05-25,External Fraud,Corporate Finance,4167.644426895771
145,2021-05-26,Internal Fraud,Corporate Finance,5471.415556386404
146,2021-05-27,Process Error,Corporate Finance,8751.771559013112
147,2021-05-28,Internal Fraud,Corporate Finance,4527.199882846356
148,2021-05-29,External Fraud,Asset Management,4447.776955719029
149,2021-05-30,External Fraud,Asset Management,5632.931817755511
150,2021-05-31,External Fraud,Retail Banking,13558.503864551767
151,2021-06-01,Internal Fraud,Corporate Finance,5202.9230208513
152,2021-06-02,Process Error,Corporate Finance,3484.255885002768
153,2021-06-03,Process Error,Corporate Finance,6547.505201330062
154,2021-06-04,Internal Fraud,Asset Management,6093.8762775218465
155,2021-06-05,External Fraud,Corporate Finance,6795.8776730955215
156,2021-06-06,Process Error,Asset Management,24622.312153530023
157,2021-06-07,External Fraud,Corporate Finance,22856.10123424029
158,2021-06-08,Internal Fraud,Corporate Finance,4387.211309515614
159,2021-06-09,External Fraud,Retail Banking,9684.35188527716
160,2021-06-10,Process Error,Corporate Finance,4612.298440064016
161,2021-06-11,Process Error,Corporate Finance,13177.034118987393
162,2021-06-12,External Fraud,Retail Banking,14489.375119437735
163,2021-06-13,Internal Fraud,Asset Management,4795.789728814502
164,2021-06-14,External Fraud,Asset Management,5285.8653907249045
165,2021-06-15,Internal Fraud,Corporate Finance,50004.688625558265
166,2021-06-16,External Fraud,Asset Management,5334.456789987025
167,2021-06-17,Process Error,Corporate Finance,5658.544272672831
168,2021-06-18,Internal Fraud,Retail Banking,7010.204538766349
169,2021-06-19,Internal Fraud,Retail Banking,5476.098223572935
170,2021-06-20,Internal Fraud,Corporate Finance,13016.342538449813
171,2021-06-21,Process Error,Retail Banking,4823.052772505951
172,2021-06-22,External Fraud,Retail Banking,4417.422981173573
173,2021-06-23,Process Error,Corporate Finance,4201.702755461546
174,2021-06-24,Internal Fraud,Corporate Finance,12923.571738836828
175,2021-06-25,External Fraud,Retail Banking,3620.680771985473
176,2021-06-26,Process Error,Asset Management,1000.0
177,2021-06-27,Internal Fraud,Asset Management,4269.069960058081
178,2021-06-28,Internal Fraud,Corporate Finance,66833.01974935301
179,2021-06-29,Process Error,Corporate Finance,4966.873027126203
180,2021-06-30,Process Error,Asset Management,6794.557863517788
181,2021-07-01,Process Error,Retail Banking,4482.388700963828
182,2021-07-02,Internal Fraud,Asset Management,38013.502672077826
183,2021-07-03,Process Error,Asset Management,11039.662712742009
184,2021-07-04,Internal Fraud,Asset Management,5223.787951638898
185,2021-07-05,Process Error,Asset Management,9245.673932221107
186,2021-07-06,Internal Fraud,Corporate Finance,62156.81503362757
187,2021-07-07,Internal Fraud,Corporate Finance,16497.402963944307
188,2021-07-08,External Fraud,Retail Banking,15588.595659087978
189,2021-07-09,Process Error,Retail Banking,4983.577103927248
190,2021-07-10,Process Error,Retail Banking,6188.393273448084
191,2021-07-11,Internal Fraud,Retail Banking,18448.190393077846
192,2021-07-12,Internal Fraud,Asset Management,9413.296626432259
193,2021-07-13,Internal Fraud,Corporate Finance,28953.104844538077
194,2021-07-14,External Fraud,Corporate Finance,7526.9324258736215
195,2021-07-15,External Fraud,Retail Banking,4469.131227079679
196,2021-07-16,Internal Fraud,Retail Banking,4784.354459176796
197,2021-07-17,Process Error,Asset Management,11213.985927427879
198,2021-07-18,Process Error,Asset Management,16299.510490491466
199,2021-07-19,External Fraud,Retail Banking,12441.587836566128
200,2021-07-20,External Fraud,Corporate Finance,25292.18913646219
201,2021-07-21,Internal Fraud,Corporate Finance,4510.560557481778
202,2021-07-22,Process Error,Corporate Finance,6044.160877069072
203,2021-07-23,Internal Fraud,Retail Banking,22804.31301413533
204,2021-07-24,External Fraud,Corporate Finance,16398.255033834197
205,2021-07-25,Process Error,Asset Management,5681.891489626311
206,2021-07-26,Process Error,Asset Management,6846.707325736033
207,2021-07-27,External Fraud,Retail Banking,23412.345597634252
208,2021-07-28,Internal Fraud,Asset Management,5583.928185325964
209,2021-07-29,Internal Fraud,Retail Banking,4640.707909212941
210,2021-07-30,Process Error,Corporate Finance,4426.180531898218
211,2021-07-31,External Fraud,Corporate Finance,13991.280418667013
212,2021-08-01,Process Error,Corporate Finance,11105.474678854158
213,2021-08-02,External Fraud,Asset Management,5590.65483069231
214,2021-08-03,Internal Fraud,Retail Banking,14285.0798806749
215,2021-08-04,External Fraud,Corporate Finance,6108.703580582907
216,2021-08-05,Internal Fraud,Retail Banking,5820.482181197364
217,2021-08-06,External Fraud,Corporate Finance,6643.931865563406
218,2021-08-07,Process Error,Asset Management,31748.679814886334
219,2021-08-08,Internal Fraud,Asset Management,19674.114223071036
220,2021-08-09,Process Error,Retail Banking,21665.363107622048
221,2021-08-10,Process Error,Asset Management,29222.174885694705
222,2021-08-11,Internal Fraud,Asset Management,5507.274031107298
223,2021-08-12,Internal Fraud,Retail Banking,6066.674689589154
224,2021-08-13,Process Error,Corporate Finance,6169.295590445673
225,2021-08-14,Process Error,Asset Management,6382.158991037527
226,2021-08-15,Process Error,Retail Banking,8193.79227796034
227,2021-08-16,Process Error,Asset Management,5648.709887589643
228,2021-08-17,Internal Fraud,Asset Management,51499.1965948399
229,2021-08-18,Internal Fraud,Asset Management,16469.48933302708
230,2021-08-19,Process Error,Asset Management,7277.408949574055
231,2021-08-20,External Fraud,Retail Banking,20638.074379709797
232,2021-08-21,External Fraud,Retail Banking,31976.621264335936
233,2021-08-22,Internal Fraud,Retail Banking,4832.8819196831455
234,2021-08-23,Process Error,Asset Management,5146.713686433322
235,2021-08-24,Process Error,Asset Management,16453.27737042666
236,2021-08-25,Internal Fraud,Asset Management,6206.508966508357
237,2021-08-26,External Fraud,Retail Banking,4183.064329012764
238,2021-08-27,External Fraud,Asset Management,5876.280349264355
239,2021-08-28,External Fraud,Corporate Finance,5368.6733088729015
240,2021-08-29,Internal Fraud,Asset Management,19822.55790651625
241,2021-08-30,External Fraud,Corporate Finance,13364.701590112983
242,2021-08-31,Internal Fraud,Asset Management,47916.330455592666
243,2021-09-01,Internal Fraud,Retail Banking,4606.661187672639
244,2021-09-02,Process Error,Asset Management,5028.744822934817
245,2021-09-03,External Fraud,Corporate Finance,9620.15511945698
246,2021-09-04,Internal Fraud,Corporate Finance,6278.451862607299
247,2021-09-05,External Fraud,Asset Management,7042.911095028493
248,2021-09-06,External Fraud,Corporate Finance,53677.0713513532
249,2021-09-07,Process Error,Corporate Finance,82782.46103486682
250,2021-09-08,External Fraud,Retail Banking,5191.099068019903
251,2021-09-09,Process Error,Asset Management,5046.436548156149
252,2021-09-10,Internal Fraud,Asset Management,15939.136626903735
253,2021-09-11,External Fraud,Asset Management,3640.1438590200805
254,2021-09-12,Internal Fraud,Corporate Finance,5746.253566027221
255,2021-09-13,External Fraud,Asset Management,8170.359696486176
256,2021-09-14,Internal Fraud,Asset Management,21328.95875864755
257,2021-09-15,External Fraud,Retail Banking,13735.893937151252
258,2021-09-16,External Fraud,Retail Banking,34724.95625044351
259,2021-09-17,External Fraud,Retail Banking,5645.484181141075
260,2021-09-18,External Fraud,Corporate Finance,41886.01749293947
261,2021-09-19,External Fraud,Asset Management,9870.785361559565
262,2021-09-20,External Fraud,Retail Banking,7163.25472330546
263,2021-09-21,External Fraud,Retail Banking,6316.808296145477
264,2021-09-22,External Fraud,Retail Banking,22111.315834413654
265,2021-09-23,External Fraud,Asset Management,17397.953415584776
266,2021-09-24,Internal Fraud,Asset Management,8085.57675922853
267,2021-09-25,Process Error,Asset Management,3995.2948150055786
268,2021-09-26,External Fraud,Corporate Finance,4692.221765046999
269,2021-09-27,Process Error,Corporate Finance,5219.150327663939
270,2021-09-28,External Fraud,Retail Banking,15788.013871428539
271,2021-09-29,External Fraud,Asset Management,20506.764616257416
272,2021-09-30,Internal Fraud,Retail Banking,29333.36461810786
273,2021-10-01,Internal Fraud,Asset Management,10211.789502387433
274,2021-10-02,Process Error,Asset Management,20257.784871362288
275,2021-10-03,Internal Fraud,Asset Management,14917.678478701682
276,2021-10-04,Internal Fraud,Corporate Finance,15627.33114908891
277,2021-10-05,Process Error,Corporate Finance,11704.92643629645
278,2021-10-06,Internal Fraud,Asset Management,16727.4381872125
279,2021-10-07,External Fraud,Retail Banking,16272.374383258108
280,2021-10-08,Process Error,Asset Management,17098.26136118819
281,2021-10-09,Process Error,Asset Management,5249.383683710756
282,2021-10-10,External Fraud,Retail Banking,6577.453279763475
283,2021-10-11,Internal Fraud,Asset Management,4904.704467613048
284,2021-10-12,Process Error,Retail Banking,23989.19138599852
285,2021-10-13,Process Error,Corporate Finance,5279.021525770339
286,2021-10-14,External Fraud,Corporate Finance,5607.896509716539
287,2021-10-15,External Fraud,Retail Banking,6571.798321734782
288,2021-10-16,Internal Fraud,Corporate Finance,5186.609123156358
289,2021-10-17,Process Error,Corporate Finance,24777.398935882793
290,2021-10-18,Internal Fraud,Retail Banking,4553.566385449471
291,2021-10-19,Internal Fraud,Corporate Finance,5194.089992898307
292,2021-10-20,External Fraud,Asset Management,6231.3794309191535
293,2021-10-21,Process Error,Asset Management,6073.631749859772
294,2021-10-22,Process Error,Retail Banking,3973.4847005889396
295,2021-10-23,Process Error,Corporate Finance,22448.05709389903
296,2021-10-24,External Fraud,Asset Management,16994.935790867763
297,2021-10-25,External Fraud,Asset Management,5132.969674146876
298,2021-10-26,External Fraud,Corporate Finance,13648.847301917931
299,2021-10-27,External Fraud,Corporate Finance,4299.879185060827
300,2021-10-28,External Fraud,Asset Management,6195.0466289248425
301,2021-10-29,Process Error,Asset Management,12382.222597841037
302,2021-10-30,Internal Fraud,Retail Banking,12465.759960681777
303,2021-10-31,Process Error,Retail Banking,13650.601271078189
304,2021-11-01,Internal Fraud,Asset Management,3098.1744043422877
305,2021-11-02,External Fraud,Retail Banking,17180.13238241658
306,2021-11-03,Internal Fraud,Asset Management,53997.507643424884
307,2021-11-04,Process Error,Asset Management,3476.8130952162255
308,2021-11-05,Process Error,Retail Banking,27809.97274074064
309,2021-11-06,Internal Fraud,Retail Banking,4441.078152728412
310,2021-11-07,External Fraud,Corporate Finance,5377.21187506452
311,2021-11-08,External Fraud,Corporate Finance,6565.524029234341
312,2021-11-09,Process Error,Corporate Finance,4934.249738927012
313,2021-11-10,Internal Fraud,Asset Management,20631.950540965325
314,2021-11-11,External Fraud,Retail Banking,25855.734621116186
315,2021-11-12,External Fraud,Asset Management,42154.719099368056
316,2021-11-13,Process Error,Retail Banking,4444.800473306802
317,2021-11-14,External Fraud,Asset Management,6881.15706944059
318,2021-11-15,Internal Fraud,Corporate Finance,3551.986099583756
319,2021-11-16,Process Error,Corporate Finance,2801.194043379918
320,2021-11-17,Process Error,Corporate Finance,20865.796729371104
321,2021-11-18,Internal Fraud,Asset Management,7883.054076487816
322,2021-11-19,Process Error,Retail Banking,18905.625895913072
323,2021-11-20,External Fraud,Retail Banking,5440.014450053332
324,2021-11-21,External Fraud,Corporate Finance,26048.190397300998
325,2021-11-22,Internal Fraud,Corporate Finance,23850.30567405175
326,2021-11-23,External Fraud,Corporate Finance,5869.749759710853
327,2021-11-24,Internal Fraud,Corporate Finance,31549.6682220113
328,2021-11-25,Internal Fraud,Retail Banking,4497.9457756473885
329,2021-11-26,External Fraud,Asset Management,3978.767182869287
330,2021-11-27,Internal Fraud,Asset Management,5708.356447299353
331,2021-11-28,External Fraud,Asset Management,9425.922285400904
332,2021-11-29,Process Error,Asset Management,5243.800713771199
333,2021-11-30,Process Error,Corporate Finance,4435.921369263272
334,2021-12-01,Internal Fraud,Corporate Finance,3719.6956013291056
335,2021-12-02,External Fraud,Corporate Finance,5872.457328280145
336,2021-12-03,External Fraud,Asset Management,41470.84484686537
337,2021-12-04,Process Error,Corporate Finance,22235.162304465823
338,2021-12-05,Process Error,Corporate Finance,5650.201177958661
339,2021-12-06,External Fraud,Retail Banking,4900.824136220617
340,2021-12-07,Internal Fraud,Retail Banking,6846.636996047666
341,2021-12-08,Process Error,Corporate Finance,3929.9152336738475
342,2021-12-09,Internal Fraud,Retail Banking,3474.4748290752614
343,2021-12-10,Internal Fraud,Retail Banking,4308.091930118756
344,2021-12-11,Process Error,Corporate Finance,4954.413983644502
345,2021-12-12,Internal Fraud,Corporate Finance,34547.06624571573
346,2021-12-13,Internal Fraud,Corporate Finance,16415.325751718454
347,2021-12-14,External Fraud,Corporate Finance,5243.3394493226915
348,2021-12-15,Internal Fraud,Asset Management,4758.76394214367
349,2021-12-16,External Fraud,Asset Management,34709.16125839845
350,2021-12-17,Process Error,Corporate Finance,3265.3539257799225
351,2021-12-18,Process Error,Retail Banking,7496.81420419339
352,2021-12-19,External Fraud,Corporate Finance,4860.448692542392
353,2021-12-20,Process Error,Corporate Finance,5352.055396514297
354,2021-12-21,Internal Fraud,Retail Banking,3748.460575809556
355,2021-12-22,Internal Fraud,Asset Management,6549.011056574801
356,2021-12-23,Internal Fraud,Corporate Finance,6443.76460407326
357,2021-12-24,Process Error,Corporate Finance,2358.635653191256
358,2021-12-25,Internal Fraud,Asset Management,7782.29125061554
359,2021-12-26,Process Error,Asset Management,34755.79729937679
360,2021-12-27,Internal Fraud,Retail Banking,4917.848821607431
361,2021-12-28,External Fraud,Asset Management,29374.63327953914
362,2021-12-29,Process Error,Asset Management,6117.295831588128
363,2021-12-30,Process Error,Asset Management,8247.796921214873
364,2021-12-31,Internal Fraud,Retail Banking,31897.105739093236
365,2022-01-01,Process Error,Asset Management,5342.725346377704
366,2022-01-02,Process Error,Asset Management,5285.524339188878
367,2022-01-03,External Fraud,Retail Banking,25042.01137519592
368,2022-01-04,External Fraud,Asset Management,5456.753219153784
369,2022-01-05,Internal Fraud,Asset Management,5569.767280232204
370,2022-01-06,External Fraud,Retail Banking,5447.708560017315
371,2022-01-07,Internal Fraud,Corporate Finance,5642.722759867544
372,2022-01-08,Internal Fraud,Retail Banking,6329.152530132431
373,2022-01-09,Internal Fraud,Asset Management,51768.07603209158
374,2022-01-10,Process Error,Asset Management,5196.52116970147
375,2022-01-11,External Fraud,Asset Management,5709.003757588513
376,2022-01-12,Internal Fraud,Retail Banking,9641.142934887937
377,2022-01-13,External Fraud,Asset Management,4910.264305712773
378,2022-01-14,Internal Fraud,Asset Management,66235.39380293059
379,2022-01-15,External Fraud,Retail Banking,6440.1172154494725
380,2022-01-16,External Fraud,Corporate Finance,4323.60769794073
381,2022-01-17,Internal Fraud,Corporate Finance,10503.797187300297
382,2022-01-18,Process Error,Asset Management,43275.57412220246
383,2022-01-19,External Fraud,Retail Banking,26247.25485002891
384,2022-01-20,Process Error,Asset Management,43850.88502377774
385,2022-01-21,Process Error,Retail Banking,18893.83176615034
386,2022-01-22,Internal Fraud,Retail Banking,6800.940432910816
387,2022-01-23,Internal Fraud,Corporate Finance,4959.842049355657
388,2022-01-24,Internal Fraud,Corporate Finance,7865.523752762179
389,2022-01-25,External Fraud,Retail Banking,52021.09633278115
390,2022-01-26,Internal Fraud,Asset Management,10463.189298510202
391,2022-01-27,Internal Fraud,Corporate Finance,3569.2248978819516
392,2022-01-28,External Fraud,Asset Management,5128.104414910789
393,2022-01-29,External Fraud,Corporate Finance,23841.108226841934
394,2022-01-30,Internal Fraud,Corporate Finance,4318.948342525119
395,2022-01-31,Internal Fraud,Asset Management,11951.5141463258
396,2022-02-01,Internal Fraud,Corporate Finance,9108.666632154838
397,2022-02-02,Internal Fraud,Corporate Finance,5840.643548988724
398,2022-02-03,Process Error,Asset Management,28497.87199871908
399,2022-02-04,Process Error,Corporate Finance,7689.05357308961
400,2022-02-05,Internal Fraud,Corporate Finance,4347.376020697609
401,2022-02-06,Process Error,Corporate Finance,12021.747035215682
402,2022-02-07,External Fraud,Asset Management,1000.0
403,2022-02-08,Process Error,Retail Banking,22989.2254523585
404,2022-02-09,Process Error,Asset Management,4553.81656678522
405,2022-02-10,Internal Fraud,Retail Banking,31124.989935066646
406,2022-02-11,Process Error,Corporate Finance,3110.4592690544687
407,2022-02-12,Process Error,Retail Banking,4547.693680750924
408,2022-02-13,Process Error,Asset Management,43174.062108540194
409,2022-02-14,Process Error,Asset Management,2576.1206733710433
410,2022-02-15,External Fraud,Corporate Finance,3416.0971765142767
411,2022-02-16,Internal Fraud,Retail Banking,6140.694755917427
412,2022-02-17,Internal Fraud,Corporate Finance,19529.782937071363
413,2022-02-18,External Fraud,Corporate Finance,23433.959119058803
414,2022-02-19,Process Error,Asset Management,6382.789304256056
415,2022-02-20,External Fraud,Retail Banking,5760.414656144298
416,2022-02-21,Process Error,Retail Banking,5785.800158650833
417,2022-02-22,External Fraud,Retail Banking,5425.457561784965
418,2022-02-23,Internal Fraud,Retail Banking,11984.758021155154
419,2022-02-24,Internal Fraud,Corporate Finance,15391.756321139106
420,2022-02-25,Internal Fraud,Corporate Finance,20221.164805649718
421,2022-02-26,Process Error,Asset Management,10038.68977161354
422,2022-02-27,Process Error,Corporate Finance,4033.023856870787
423,2022-02-28,External Fraud,Corporate Finance,4952.28864385802
424,2022-03-01,External Fraud,Asset Management,4996.397460909431
425,2022-03-02,Internal Fraud,Asset Management,16222.468693497489
426,2022-03-03,Process Error,Asset Management,3841.6353108074572
427,2022-03-04,External Fraud,Corporate Finance,10140.42133610904
428,2022-03-05,Process Error,Corporate Finance,6503.398301767151
429,2022-03-06,Process Error,Asset Management,5877.362290575671
430,2022-03-07,Internal Fraud,Asset Management,4779.035826170336
431,2022-03-08,Internal Fraud,Asset Management,29939.405856146554
432,2022-03-09,Process Error,Corporate Finance,1664.419685686274
433,2022-03-10,Process Error,Corporate Finance,5026.885838994531
434,2022-03-11,Process Error,Retail Banking,5208.3828079475525
435,2022-03-12,Process Error,Corporate Finance,3425.7057219342687
436,2022-03-13,Internal Fraud,Corporate Finance,2958.2651315757093
437,2022-03-14,External Fraud,Corporate Finance,19078.15106503218
438,2022-03-15,Internal Fraud,Asset Management,4509.9871519951885
439,2022-03-16,External Fraud,Corporate Finance,4752.822617479403
440,2022-03-17,Process Error,Asset Management,4318.015752002201
441,2022-03-18,External Fraud,Retail Banking,112861.25439686686
442,2022-03-19,Internal Fraud,Retail Banking,3998.3799901050843
443,2022-03-20,Internal Fraud,Asset Management,4718.899707114045
444,2022-03-21,Process Error,Asset Management,27019.206215014867
445,2022-03-22,Internal Fraud,Asset Management,41341.639021612245
446,2022-03-23,Process Error,Corporate Finance,86897.44337523785
447,2022-03-24,Internal Fraud,Retail Banking,8591.532493361156
448,2022-03-25,Internal Fraud,Asset Management,6797.686526849522
449,2022-03-26,Process Error,Corporate Finance,5640.8428612670095
450,2022-03-27,External Fraud,Retail Banking,22993.070114028676
451,2022-03-28,Internal Fraud,Corporate Finance,27100.074344521636
452,2022-03-29,External Fraud,Retail Banking,4428.821010217203
453,2022-03-30,Internal Fraud,Corporate Finance,48491.837811787474
454,2022-03-31,Internal Fraud,Retail Banking,5572.582781356158
455,2022-04-01,Internal Fraud,Retail Banking,6399.355436586002
456,2022-04-02,Internal Fraud,Corporate Finance,5924.633682912769
457,2022-04-03,External Fraud,Asset Management,5059.630369920174
458,2022-04-04,External Fraud,Retail Banking,4353.063222294426
459,2022-04-05,Internal Fraud,Asset Management,5698.22331361359
460,2022-04-06,Internal Fraud,Corporate Finance,5393.48538542175
461,2022-04-07,External Fraud,Asset Management,11419.59054822255
462,2022-04-08,Process Error,Asset Management,11446.009396050813
463,2022-04-09,Process Error,Asset Management,33467.36755254548
464,2022-04-10,External Fraud,Asset Management,16098.153649147587
465,2022-04-11,Internal Fraud,Asset Management,5895.193220027732
466,2022-04-12,Internal Fraud,Retail Banking,5635.17180168197
467,2022-04-13,Process Error,Retail Banking,9017.45605443314
468,2022-04-14,Process Error,Retail Banking,6049.552715319335
469,2022-04-15,External Fraud,Corporate Finance,21566.55494115258
470,2022-04-16,Process Error,Asset Management,4464.764788439432
471,2022-04-17,External Fraud,Retail Banking,14803.308040807153
472,2022-04-18,Process Error,Corporate Finance,6317.394065634326
473,2022-04-19,Process Error,Retail Banking,7576.7156968604695
474,2022-04-20,Process Error,Retail Banking,15572.46862453211
475,2022-04-21,Internal Fraud,Asset Management,26072.78940915276
476,2022-04-22,Internal Fraud,Corporate Finance,5197.599604692399
477,2022-04-23,Internal Fraud,Asset Management,9794.176011359388
478,2022-04-24,Process Error,Asset Management,26532.360253837942
479,2022-04-25,External Fraud,Retail Banking,24958.582505183476
480,2022-04-26,External Fraud,Asset Management,23092.27854131052
481,2022-04-27,External Fraud,Corporate Finance,17846.96871339503
482,2022-04-28,External Fraud,Asset Management,7075.260872625266
483,2022-04-29,Internal Fraud,Asset Management,8244.498103789216
484,2022-04-30,Internal Fraud,Asset Management,5577.904304118612
485,2022-05-01,Process Error,Retail Banking,75991.87382407334
486,2022-05-02,Process Error,Corporate Finance,4310.812181910433
487,2022-05-03,External Fraud,Retail Banking,6735.963803165249
488,2022-05-04,Internal Fraud,Retail Banking,17098.839108838773
489,2022-05-05,External Fraud,Retail Banking,26798.06526473424
490,2022-05-06,Process Error,Retail Banking,5197.9107834626475
491,2022-05-07,Process Error,Retail Banking,6076.888259338295
492,2022-05-08,External Fraud,Corporate Finance,4348.581996385552
493,2022-05-09,Process Error,Asset Management,4516.114165945679
494,2022-05-10,External Fraud,Retail Banking,4679.65269180568
495,2022-05-11,Internal Fraud,Retail Banking,5424.165946401917
496,2022-05-12,External Fraud,Corporate Finance,6401.636713953165
497,2022-05-13,Internal Fraud,Corporate Finance,5522.8354880355
498,2022-05-14,Internal Fraud,Asset Management,13823.982286947083
499,2022-05-15,Process Error,Corporate Finance,40587.62927441002
500,2022-05-16,Process Error,Asset Management,5892.987726673845
501,2022-05-17,Process Error,Retail Banking,8604.628531688659
502,2022-05-18,External Fraud,Retail Banking,4426.299996061421
503,2022-05-19,External Fraud,Asset Management,20186.46365489635
504,2022-05-20,Process Error,Corporate Finance,13189.06365894327
505,2022-05-21,External Fraud,Asset Management,4975.645407739017
506,2022-05-22,Process Error,Corporate Finance,9693.258024410607
507,2022-05-23,External Fraud,Retail Banking,21819.72649777479
508,2022-05-24,Internal Fraud,Corporate Finance,28951.173810067772
509,2022-05-25,Internal Fraud,Asset Management,14410.902871197402
510,2022-05-26,Process Error,Asset Management,4731.3355093271975
511,2022-05-27,External Fraud,Retail Banking,7142.270358611864
512,2022-05-28,External Fraud,Corporate Finance,26335.980714488665
513,2022-05-29,Internal Fraud,Corporate Finance,45804.045726791715
514,2022-05-30,Internal Fraud,Corporate Finance,6727.543170100711
515,2022-05-31,Process Error,Retail Banking,5436.323669674032
516,2022-06-01,Internal Fraud,Corporate Finance,5038.003478168201
517,2022-06-02,Process Error,Asset Management,7993.312547960947
518,2022-06-03,Internal Fraud,Corporate Finance,12210.850088384477
519,2022-06-04,Internal Fraud,Retail Banking,5120.031326718261
520,2022-06-05,External Fraud,Corporate Finance,16051.391924214424
521,2022-06-06,Internal Fraud,Corporate Finance,5613.517972730417
522,2022-06-07,Internal Fraud,Asset Management,34470.22311627549
523,2022-06-08,Process Error,Corporate Finance,13257.407282883878
524,2022-06-09,Internal Fraud,Asset Management,26064.509391696065
525,2022-06-10,Process Error,Asset Management,3977.2074348015944
526,2022-06-11,Internal Fraud,Retail Banking,4742.623462576655
527,2022-06-12,Internal Fraud,Asset Management,3331.4159261224104
528,2022-06-13,Process Error,Asset Management,5399.223122605279
529,2022-06-14,External Fraud,Retail Banking,4048.8101499976146
530,2022-06-15,Process Error,Asset Management,147437.937074544
531,2022-06-16,Process Error,Retail Banking,18236.80398053189
532,2022-06-17,Process Error,Corporate Finance,50805.981972178284
533,2022-06-18,External Fraud,Retail Banking,14255.775389221857
534,2022-06-19,Internal Fraud,Asset Management,12233.614170444085
535,2022-06-20,Process Error,Retail Banking,17399.06106720159
536,2022-06-21,Process Error,Asset Management,29445.281929361423
537,2022-06-22,External Fraud,Corporate Finance,5647.195939702741
538,2022-06-23,Process Error,Retail Banking,4516.813537700626
539,2022-06-24,Internal Fraud,Corporate Finance,6573.986763290033
540,2022-06-25,External Fraud,Asset Management,62588.93300750583
541,2022-06-26,Internal Fraud,Asset Management,8017.42821234296
542,2022-06-27,Internal Fraud,Corporate Finance,3774.234336997659
543,2022-06-28,External Fraud,Retail Banking,4838.917791186663
544,2022-06-29,Process Error,Retail Banking,20089.17780081442
545,2022-06-30,Internal Fraud,Asset Management,3535.6251197901797
546,2022-07-01,Internal Fraud,Corporate Finance,5224.451818559972
547,2022-07-02,Internal Fraud,Corporate Finance,14176.68273773862
548,2022-07-03,Internal Fraud,Retail Banking,17258.926720066884
549,2022-07-04,External Fraud,Retail Banking,9393.62456257565
550,2022-07-05,External Fraud,Retail Banking,8483.670131232258
551,2022-07-06,Internal Fraud,Corporate Finance,49814.64088331122
552,2022-07-07,Process Error,Retail Banking,26844.63655081034
553,2022-07-08,Internal Fraud,Retail Banking,10507.990968852482
554,2022-07-09,Process Error,Asset Management,19089.266910361806
555,2022-07-10,Internal Fraud,Retail Banking,6047.098302612155
556,2022-07-11,Process Error,Retail Banking,6683.927691457869
557,2022-07-12,Internal Fraud,Corporate Finance,4541.11573713106
558,2022-07-13,Process Error,Corporate Finance,14969.118926717732
559,2022-07-14,Internal Fraud,Asset Management,12497.836196185668
560,2022-07-15,Internal Fraud,Retail Banking,6473.235724328724
561,2022-07-16,Process Error,Asset Management,6078.6808334312955
562,2022-07-17,External Fraud,Corporate Finance,4961.491530499293
563,2022-07-18,Process Error,Asset Management,4827.372700059181
564,2022-07-19,External Fraud,Corporate Finance,5883.659937486673
565,2022-07-20,Internal Fraud,Asset Management,9217.912785629882
566,2022-07-21,Process Error,Asset Management,5652.32287841342
567,2022-07-22,Process Error,Retail Banking,3423.6078430157504
568,2022-07-23,Process Error,Asset Management,20036.722065307775
569,2022-07-24,External Fraud,Retail Banking,6476.540349725896
570,2022-07-25,External Fraud,Retail Banking,46730.10557471609
571,2022-07-26,Internal Fraud,Retail Banking,7257.372711386466
572,2022-07-27,External Fraud,Retail Banking,6380.091354147451
573,2022-07-28,External Fraud,Asset Management,14109.831947214401
574,2022-07-29,Internal Fraud,Corporate Finance,44466.731958577526
575,2022-07-30,Process Error,Corporate Finance,112788.66021680017
576,2022-07-31,Process Error,Corporate Finance,4374.43729849047
577,2022-08-01,Internal Fraud,Asset Management,25199.964684236067
578,2022-08-02,Process Error,Retail Banking,5395.803533437409
579,2022-08-03,External Fraud,Corporate Finance,5494.030186282739
580,2022-08-04,Internal Fraud,Asset Management,5260.673765823907
581,2022-08-05,Internal Fraud,Retail Banking,86677.06096756457
582,2022-08-06,Internal Fraud,Corporate Finance,4449.69484615458
583,2022-08-07,Process Error,Retail Banking,4328.376632061949
584,2022-08-08,Internal Fraud,Corporate Finance,7703.552039782992
585,2022-08-09,Internal Fraud,Corporate Finance,4974.445929008555
586,2022-08-10,Internal Fraud,Corporate Finance,6172.729019259365
587,2022-08-11,Process Error,Retail Banking,5543.600154594433
588,2022-08-12,External Fraud,Asset Management,4629.385667913894
589,2022-08-13,Internal Fraud,Retail Banking,5771.698710648345
590,2022-08-14,External Fraud,Corporate Finance,2151.4573793699246
591,2022-08-15,Process Error,Retail Banking,12734.40327518707
592,2022-08-16,Process Error,Asset Management,6148.765700372103
593,2022-08-17,Process Error,Retail Banking,3260.2862212219006
594,2022-08-18,Process Error,Asset Management,18601.730866414786
595,2022-08-19,External Fraud,Asset Management,4637.5590585968675
596,2022-08-20,Internal Fraud,Retail Banking,7269.265525193481
597,2022-08-21,Process Error,Corporate Finance,3880.330105373856
598,2022-08-22,Process Error,Asset Management,3705.318524279094
599,2022-08-23,External Fraud,Retail Banking,6160.826787378519
600,2022-08-24,External Fraud,Asset Management,4532.298798688109
601,2022-08-25,Process Error,Corporate Finance,5346.503881730716
602,2022-08-26,Internal Fraud,Retail Banking,4953.079421120816
603,2022-08-27,Internal Fraud,Retail Banking,5477.040827223122
604,2022-08-28,Process Error,Retail Banking,5076.821891060255
605,2022-08-29,External Fraud,Corporate Finance,3717.0077758114303
606,2022-08-30,Process Error,Asset Management,5996.26681944714
607,2022-08-31,Process Error,Retail Banking,4506.243416838687
608,2022-09-01,External Fraud,Asset Management,8725.836116549406
609,2022-09-02,Process Error,Asset Management,3280.4506057771982
610,2022-09-03,Process Error,Corporate Finance,3443.418101340249
611,2022-09-04,Process Error,Retail Banking,14338.684816865594
612,2022-09-05,External Fraud,Asset Management,9946.139233614727
613,2022-09-06,Internal Fraud,Retail Banking,4571.884839034087
614,2022-09-07,Internal Fraud,Retail Banking,42889.06830833081
615,2022-09-08,External Fraud,Corporate Finance,47610.52044606231
616,2022-09-09,Internal Fraud,Retail Banking,6500.759790634311
617,2022-09-10,Process Error,Retail Banking,5850.221742113493
618,2022-09-11,Internal Fraud,Asset Management,16531.577971059058
619,2022-09-12,Process Error,Corporate Finance,19343.364369674622
620,2022-09-13,Internal Fraud,Retail Banking,4651.347865592141
621,2022-09-14,External Fraud,Asset Management,4650.742295681571
622,2022-09-15,Internal Fraud,Corporate Finance,4678.364948782617
623,2022-09-16,Internal Fraud,Corporate Finance,7076.747983560841
624,2022-09-17,Internal Fraud,Asset Management,12712.764139699253
625,2022-09-18,External Fraud,Asset Management,5381.935452231553
626,2022-09-19,Internal Fraud,Asset Management,5430.041647191069
627,2022-09-20,External Fraud,Asset Management,7085.936828221306
628,2022-09-21,Process Error,Asset Management,6030.283454031842
629,2022-09-22,Internal Fraud,Retail Banking,5238.7891590265135
630,2022-09-23,External Fraud,Retail Banking,5594.839539744587
631,2022-09-24,External Fraud,Corporate Finance,13056.551853335053
632,2022-09-25,Internal Fraud,Retail Banking,13277.667118340141
633,2022-09-26,Process Error,Retail Banking,31945.433039507323
634,2022-09-27,External Fraud,Retail Banking,4740.957854179297
635,2022-09-28,Internal Fraud,Asset Management,4803.650150915022
636,2022-09-29,Process Error,Corporate Finance,8284.257013293514
637,2022-09-30,External Fraud,Corporate Finance,4928.398740585936
638,2022-10-01,External Fraud,Corporate Finance,4962.777763490159
639,2022-10-02,Process Error,Corporate Finance,5727.62954363698
640,2022-10-03,Process Error,Retail Banking,5051.945885807299
641,2022-10-04,Internal Fraud,Retail Banking,5732.640077215579
642,2022-10-05,Internal Fraud,Asset Management,4919.283419891418
643,2022-10-06,External Fraud,Corporate Finance,5078.63519031609
644,2022-10-07,Process Error,Retail Banking,3001.7993154678925
645,2022-10-08,Process Error,Retail Banking,49107.76421746217
646,2022-10-09,Process Error,Asset Management,1954.8172739855095
647,2022-10-10,External Fraud,Asset Management,15514.873401801062
648,2022-10-11,Process Error,Asset Management,29753.913054249482
649,2022-10-12,Process Error,Retail Banking,5916.327674702481
650,2022-10-13,External Fraud,Retail Banking,5346.488475897992
651,2022-10-14,Internal Fraud,Asset Management,19680.537262876252
652,2022-10-15,Internal Fraud,Corporate Finance,4289.830792295102
653,2022-10-16,External Fraud,Asset Management,14586.482691227051
654,2022-10-17,Process Error,Asset Management,5998.010109859652
655,2022-10-18,External Fraud,Asset Management,2103.7446218063105
656,2022-10-19,Internal Fraud,Asset Management,7088.374704780727
657,2022-10-20,Internal Fraud,Retail Banking,4860.410371844826
658,2022-10-21,External Fraud,Corporate Finance,23931.86277815331
659,2022-10-22,External Fraud,Asset Management,9385.461306700803
660,2022-10-23,Internal Fraud,Corporate Finance,6108.182816737517
661,2022-10-24,External Fraud,Corporate Finance,15182.673326810163
662,2022-10-25,Internal Fraud,Corporate Finance,8448.021537512099
663,2022-10-26,External Fraud,Asset Management,3960.094072874469
664,2022-10-27,External Fraud,Retail Banking,5612.77390506257
665,2022-10-28,External Fraud,Asset Management,3946.584436826344
666,2022-10-29,Internal Fraud,Corporate Finance,4376.231039304195
667,2022-10-30,External Fraud,Corporate Finance,6914.031353866786
668,2022-10-31,Internal Fraud,Retail Banking,4809.317599236653
669,2022-11-01,Internal Fraud,Asset Management,5217.432873179723
670,2022-11-02,External Fraud,Corporate Finance,5870.067730688754
671,2022-11-03,External Fraud,Retail Banking,11777.60423784949
672,2022-11-04,Internal Fraud,Corporate Finance,5495.681887972604
673,2022-11-05,Internal Fraud,Retail Banking,8684.787808877063
674,2022-11-06,Process Error,Retail Banking,5150.418905143576
675,2022-11-07,Internal Fraud,Asset Management,13646.363416449492
676,2022-11-08,Process Error,Corporate Finance,5364.961002466225
677,2022-11-09,Process Error,Asset Management,7403.4155852382755
678,2022-11-10,Process Error,Corporate Finance,15139.623565396929
679,2022-11-11,External Fraud,Asset Management,40120.069454283665
680,2022-11-12,External Fraud,Corporate Finance,31587.914417985023
681,2022-11-13,Internal Fraud,Asset Management,4942.381202966415
682,2022-11-14,Process Error,Retail Banking,5201.099046714968
683,2022-11-15,External Fraud,Corporate Finance,11376.951436241316
684,2022-11-16,External Fraud,Corporate Finance,36350.41033452401
685,2022-11-17,External Fraud,Retail Banking,4566.785603429335
686,2022-11-18,External Fraud,Asset Management,15410.779739984706
687,2022-11-19,External Fraud,Corporate Finance,6050.654396007612
688,2022-11-20,Process Error,Corporate Finance,15983.241115231524
689,2022-11-21,Process Error,Asset Management,6105.525932957984
690,2022-11-22,Process Error,Retail Banking,6187.03030556038
691,2022-11-23,Process Error,Asset Management,5638.730222029185
692,2022-11-24,Internal Fraud,Asset Management,16262.44008615998
693,2022-11-25,Process Error,Asset Management,3856.9950872695163
694,2022-11-26,External Fraud,Corporate Finance,6633.431532301096
695,2022-11-27,Process Error,Retail Banking,12873.683794669876
696,2022-11-28,Internal Fraud,Retail Banking,3853.654606981312
697,2022-11-29,External Fraud,Asset Management,4437.474000437871
698,2022-11-30,Process Error,Corporate Finance,5302.635465239033
699,2022-12-01,Process Error,Asset Management,4245.724149980642
700,2022-12-02,Process Error,Corporate Finance,10867.02853713693
701,2022-12-03,External Fraud,Corporate Finance,4935.861653407008
702,2022-12-04,External Fraud,Corporate Finance,5328.7624103034805
703,2022-12-05,Internal Fraud,Corporate Finance,5321.357215450273
704,2022-12-06,External Fraud,Retail Banking,5421.920754235285
705,2022-12-07,External Fraud,Corporate Finance,29583.31703585303
706,2022-12-08,Process Error,Corporate Finance,6613.711269058647
707,2022-12-09,External Fraud,Asset Management,14534.957462430903
708,2022-12-10,Process Error,Asset Management,5453.53430151398
709,2022-12-11,Process Error,Retail Banking,41745.52516897134
710,2022-12-12,External Fraud,Asset Management,15782.660760657154
711,2022-12-13,Internal Fraud,Corporate Finance,6625.26002268406
712,2022-12-14,Internal Fraud,Asset Management,4755.843364709352
713,2022-12-15,External Fraud,Retail Banking,5964.087168288357
714,2022-12-16,Internal Fraud,Asset Management,6189.47048892464
715,2022-12-17,Process Error,Asset Management,35881.31620885561
716,2022-12-18,Process Error,Retail Banking,50398.549738904425
717,2022-12-19,External Fraud,Retail Banking,33161.7456558039
718,2022-12-20,Internal Fraud,Corporate Finance,3772.3921848630075
719,2022-12-21,Internal Fraud,Asset Management,20490.71013139496
720,2022-12-22,Process Error,Corporate Finance,30174.70092717065
721,2022-12-23,External Fraud,Asset Management,5597.4000698498585
722,2022-12-24,Internal Fraud,Asset Management,5701.172742310899
723,2022-12-25,External Fraud,Corporate Finance,42076.92503768444
724,2022-12-26,Internal Fraud,Asset Management,17294.267643078623
725,2022-12-27,Process Error,Asset Management,12875.246170661456
726,2022-12-28,Process Error,Asset Management,4702.436496640008
727,2022-12-29,External Fraud,Retail Banking,11697.012693917184
728,2022-12-30,Process Error,Corporate Finance,6375.706813311619
729,2022-12-31,Internal Fraud,Retail Banking,4849.944412967473
730,2023-01-01,Process Error,Corporate Finance,5125.576453471543
731,2023-01-02,External Fraud,Corporate Finance,25546.91782498581
732,2023-01-03,External Fraud,Asset Management,31880.69816039607
733,2023-01-04,External Fraud,Corporate Finance,8820.16774089418
734,2023-01-05,Internal Fraud,Retail Banking,4826.928175716131
735,2023-01-06,Internal Fraud,Retail Banking,12404.704432811612
736,2023-01-07,Internal Fraud,Retail Banking,5015.579047581467
737,2023-01-08,Internal Fraud,Corporate Finance,21659.089839684133
738,2023-01-09,Internal Fraud,Retail Banking,3903.7249131047984
739,2023-01-10,Process Error,Corporate Finance,3559.9491174057057
740,2023-01-11,Internal Fraud,Retail Banking,6594.505063224972
741,2023-01-12,Internal Fraud,Retail Banking,4153.0386516816725
742,2023-01-13,Process Error,Corporate Finance,26438.10391715927
743,2023-01-14,Internal Fraud,Retail Banking,8305.764718176186
744,2023-01-15,External Fraud,Asset Management,4008.6076505436927
745,2023-01-16,Internal Fraud,Corporate Finance,6987.04746976819
746,2023-01-17,Internal Fraud,Corporate Finance,2846.609886396285
747,2023-01-18,External Fraud,Corporate Finance,9525.46991812708
748,2023-01-19,External Fraud,Asset Management,7024.849833122722
749,2023-01-20,External Fraud,Corporate Finance,22876.70965167756
750,2023-01-21,External Fraud,Retail Banking,4361.038252310498
751,2023-01-22,Internal Fraud,Retail Banking,19269.264971983088
752,2023-01-23,External Fraud,Retail Banking,30985.95894329399
753,2023-01-24,External Fraud,Corporate Finance,3676.9102065925017
754,2023-01-25,Process Error,Retail Banking,6642.015160136369
755,2023-01-26,External Fraud,Corporate Finance,12297.36673655293
756,2023-01-27,External Fraud,Retail Banking,30411.014537287898
757,2023-01-28,Process Error,Asset Management,17561.565049955196
758,2023-01-29,Process Error,Asset Management,15004.301861300519
759,2023-01-30,Internal Fraud,Asset Management,6724.92359735044
760,2023-01-31,Process Error,Asset Management,6009.817089342634
761,2023-02-01,Internal Fraud,Corporate Finance,4311.8496548222765
762,2023-02-02,Process Error,Retail Banking,7252.435805344308
763,2023-02-03,Process Error,Asset Management,9596.975454917989
764,2023-02-04,Internal Fraud,Corporate Finance,5981.765486991594
765,2023-02-05,Process Error,Asset Management,19513.92966152554
766,2023-02-06,Internal Fraud,Asset Management,33189.00359596516
767,2023-02-07,Process Error,Corporate Finance,23736.068204574545
768,2023-02-08,External Fraud,Corporate Finance,4675.168616491377
769,2023-02-09,Process Error,Retail Banking,20043.536157938786
770,2023-02-10,Internal Fraud,Retail Banking,2500.5942851264267
771,2023-02-11,Process Error,Asset Management,22496.916875484563
772,2023-02-12,Internal Fraud,Asset Management,7290.942572590742
773,2023-02-13,Internal Fraud,Retail Banking,3610.427533236404
774,2023-02-14,External Fraud,Retail Banking,26763.119132653715
775,2023-02-15,External Fraud,Corporate Finance,3354.601253043108
776,2023-02-16,Internal Fraud,Retail Banking,6022.57043200964
777,2023-02-17,Process Error,Retail Banking,27029.18692595445
778,2023-02-18,Internal Fraud,Asset Management,3833.574641720606
779,2023-02-19,Internal Fraud,Retail Banking,22290.010171310692
780,2023-02-20,Process Error,Asset Management,21483.09533008433
781,2023-02-21,Process Error,Retail Banking,16352.702483277046
782,2023-02-22,Process Error,Corporate Finance,7439.752406339273
783,2023-02-23,Process Error,Retail Banking,6384.272818510518
784,2023-02-24,Internal Fraud,Retail Banking,5563.90912005236
785,2023-02-25,Internal Fraud,Retail Banking,33726.02959186604
786,2023-02-26,External Fraud,Asset Management,21241.578500327796
787,2023-02-27,Internal Fraud,Corporate Finance,5594.754341665286
788,2023-02-28,Process Error,Retail Banking,5853.415558780308
789,2023-03-01,External Fraud,Asset Management,15926.05507570738
790,2023-03-02,Process Error,Corporate Finance,5758.928589786765
791,2023-03-03,Internal Fraud,Asset Management,2339.0669686390183
792,2023-03-04,External Fraud,Asset Management,1000.0
793,2023-03-05,Process Error,Corporate Finance,16119.972903296031
794,2023-03-06,External Fraud,Retail Banking,5281.191423969376
795,2023-03-07,External Fraud,Asset Management,18890.025904876686
796,2023-03-08,Internal Fraud,Asset Management,60993.02887786738
797,2023-03-09,Process Error,Retail Banking,12688.740994682465
798,2023-03-10,External Fraud,Retail Banking,11170.71676927402
799,2023-03-11,External Fraud,Corporate Finance,22074.069852062596
800,2023-03-12,Process Error,Corporate Finance,18179.861927685495
801,2023-03-13,External Fraud,Corporate Finance,5104.201103951876
802,2023-03-14,External Fraud,Retail Banking,15461.498794666688
803,2023-03-15,External Fraud,Asset Management,16882.328177121493
804,2023-03-16,Process Error,Asset Management,4937.406872100478
805,2023-03-17,Process Error,Corporate Finance,24778.396062516204
806,2023-03-18,Process Error,Retail Banking,19429.594410575384
807,2023-03-19,Process Error,Asset Management,23336.14883698499
808,2023-03-20,Internal Fraud,Corporate Finance,4246.035411133324
809,2023-03-21,External Fraud,Asset Management,4719.324923133226
810,2023-03-22,Process Error,Asset Management,19673.836565231828
811,2023-03-23,External Fraud,Retail Banking,13403.878641745945
812,2023-03-24,External Fraud,Retail Banking,3307.0431858046145
813,2023-03-25,Internal Fraud,Asset Management,10953.114389900697
814,2023-03-26,Process Error,Corporate Finance,12907.942026728544
815,2023-03-27,Process Error,Retail Banking,8599.404960367909
816,2023-03-28,External Fraud,Asset Management,17156.192813782327
817,2023-03-29,Process Error,Retail Banking,4901.66037320525
818,2023-03-30,External Fraud,Retail Banking,4011.408892849083
819,2023-03-31,External Fraud,Retail Banking,3896.410682784229
820,2023-04-01,Internal Fraud,Asset Management,40580.52013179182
821,2023-04-02,Internal Fraud,Corporate Finance,5179.894151153479
822,2023-04-03,Internal Fraud,Corporate Finance,6392.002286344599
823,2023-04-04,External Fraud,Corporate Finance,5918.316606002313
824,2023-04-05,Process Error,Retail Banking,7714.083463639012
825,2023-04-06,Internal Fraud,Asset Management,14172.60736416132
826,2023-04-07,Process Error,Retail Banking,3429.499396376823
827,2023-04-08,Internal Fraud,Corporate Finance,4010.3718634296624
828,2023-04-09,Internal Fraud,Corporate Finance,1802.639806687129
829,2023-04-10,External Fraud,Asset Management,5940.771187988216
830,2023-04-11,Internal Fraud,Retail Banking,4017.5126064616907
831,2023-04-12,Internal Fraud,Corporate Finance,4775.366850002975
832,2023-04-13,External Fraud,Asset Management,5550.052099024552
833,2023-04-14,Process Error,Retail Banking,4031.6555451363647
834,2023-04-15,Internal Fraud,Retail Banking,5105.37550614596
835,2023-04-16,External Fraud,Corporate Finance,3665.9745050817955
836,2023-04-17,Internal Fraud,Corporate Finance,19762.723262114436
837,2023-04-18,External Fraud,Retail Banking,4398.632356048786
838,2023-04-19,Process Error,Retail Banking,10501.593054469948
839,2023-04-20,Process Error,Corporate Finance,27385.21892566565
840,2023-04-21,External Fraud,Retail Banking,5319.781934142537
841,2023-04-22,External Fraud,Corporate Finance,6252.91206268222
842,2023-04-23,External Fraud,Retail Banking,3407.006266468331
843,2023-04-24,Process Error,Corporate Finance,35972.692919432404
844,2023-04-25,Internal Fraud,Asset Management,5440.474737960399
845,2023-04-26,Process Error,Corporate Finance,4980.362201073319
846,2023-04-27,External Fraud,Corporate Finance,5552.489954417148
847,2023-04-28,External Fraud,Asset Management,18126.426506491403
848,2023-04-29,Process Error,Retail Banking,18264.16963266647
849,2023-04-30,External Fraud,Asset Management,24942.251793780146
850,2023-05-01,Process Error,Corporate Finance,5223.914134064661
851,2023-05-02,External Fraud,Retail Banking,22445.94716378777
852,2023-05-03,Internal Fraud,Asset Management,6364.140429973844
853,2023-05-04,Internal Fraud,Retail Banking,34315.51696101004
854,2023-05-05,External Fraud,Retail Banking,5125.224502647908
855,2023-05-06,Process Error,Asset Management,4570.594458874747
856,2023-05-07,Internal Fraud,Retail Banking,5122.297503032284
857,2023-05-08,Process Error,Asset Management,5543.298029036388
858,2023-05-09,External Fraud,Corporate Finance,7688.583227251026
859,2023-05-10,Process Error,Retail Banking,5048.860070325704
860,2023-05-11,Internal Fraud,Corporate Finance,7099.976062597437
861,2023-05-12,Process Error,Corporate Finance,5040.591691203882
862,2023-05-13,Process Error,Retail Banking,13709.273385420913
863,2023-05-14,External Fraud,Asset Management,4298.008312193245
864,2023-05-15,External Fraud,Retail Banking,4337.099082449052
865,2023-05-16,External Fraud,Corporate Finance,16263.613008597706
866,2023-05-17,Internal Fraud,Corporate Finance,3597.3947282003064
867,2023-05-18,Internal Fraud,Asset Management,6749.576743186939
868,2023-05-19,External Fraud,Retail Banking,7490.904800111601
869,2023-05-20,External Fraud,Corporate Finance,20075.156294635555
870,2023-05-21,Internal Fraud,Corporate Finance,3756.1367646087147
871,2023-05-22,Internal Fraud,Corporate Finance,4307.094802204093
872,2023-05-23,Internal Fraud,Asset Management,21122.740354170917
873,2023-05-24,Internal Fraud,Corporate Finance,4281.592734430803
874,2023-05-25,External Fraud,Corporate Finance,5894.924376944441
875,2023-05-26,Internal Fraud,Retail Banking,4705.050321707972
876,2023-05-27,External Fraud,Retail Banking,21282.47915148469
877,2023-05-28,Process Error,Corporate Finance,64806.144527069504
878,2023-05-29,Process Error,Corporate Finance,6247.742072673734
879,2023-05-30,Internal Fraud,Retail Banking,4326.509375756132
880,2023-05-31,Process Error,Asset Management,5278.994162223802
881,2023-06-01,Process Error,Asset Management,35086.657736240115
882,2023-06-02,Process Error,Asset Management,4164.652946740242
883,2023-06-03,Internal Fraud,Asset Management,7145.1491277733885
884,2023-06-04,Internal Fraud,Asset Management,10018.18212439327
885,2023-06-05,Process Error,Asset Management,3812.401580970487
886,2023-06-06,External Fraud,Asset Management,49035.438403456064
887,2023-06-07,Process Error,Asset Management,5309.820710227027
888,2023-06-08,Internal Fraud,Retail Banking,5633.776880932099
889,2023-06-09,Internal Fraud,Asset Management,5413.799097451498
890,2023-06-10,Internal Fraud,Asset Management,4824.980243564098
891,2023-06-11,Process Error,Asset Management,23277.145250257592
892,2023-06-12,External Fraud,Corporate Finance,22386.135742836403
893,2023-06-13,Internal Fraud,Retail Banking,4814.712341122292
894,2023-06-14,Internal Fraud,Retail Banking,5361.000180679227
895,2023-06-15,Process Error,Retail Banking,4870.179300266574
896,2023-06-16,External Fraud,Asset Management,5043.811471979109
897,2023-06-17,Process Error,Asset Management,6925.440308663763
898,2023-06-18,Internal Fraud,Corporate Finance,4852.997998371511
899,2023-06-19,External Fraud,Retail Banking,5963.879116794909
900,2023-06-20,External Fraud,Asset Management,7210.523001591351
901,2023-06-21,Internal Fraud,Retail Banking,4442.508214992166
902,2023-06-22,External Fraud,Corporate Finance,3630.197020420922
903,2023-06-23,External Fraud,Corporate Finance,23163.26589251148
904,2023-06-24,Process Error,Corporate Finance,4911.717951648745
905,2023-06-25,Internal Fraud,Retail Banking,51132.667236745845
906,2023-06-26,Internal Fraud,Asset Management,12109.298875188531
907,2023-06-27,Internal Fraud,Asset Management,7579.709337654318
908,2023-06-28,Internal Fraud,Corporate Finance,4196.325432030269
909,2023-06-29,Internal Fraud,Asset Management,6639.116805444068
910,2023-06-30,External Fraud,Corporate Finance,10854.993763232394
911,2023-07-01,Process Error,Retail Banking,6677.700814076441
912,2023-07-02,Internal Fraud,Corporate Finance,35185.630139683504
913,2023-07-03,Process Error,Retail Banking,4446.411758292005
914,2023-07-04,Process Error,Corporate Finance,20693.57669588315
915,2023-07-05,External Fraud,Asset Management,5568.9830791852755
916,2023-07-06,Internal Fraud,Asset Management,6628.396623128538
917,2023-07-07,External Fraud,Corporate Finance,27848.26617781548
918,2023-07-08,Internal Fraud,Asset Management,12272.85149053663
919,2023-07-09,External Fraud,Asset Management,4620.872259012513
920,2023-07-10,Process Error,Asset Management,22149.606229213827
921,2023-07-11,Internal Fraud,Retail Banking,4796.419639897638
922,2023-07-12,Process Error,Asset Management,44471.182168959545
923,2023-07-13,Process Error,Retail Banking,11518.500966924197
924,2023-07-14,External Fraud,Corporate Finance,4418.319086051356
925,2023-07-15,Internal Fraud,Asset Management,3985.2432693071332
926,2023-07-16,Process Error,Asset Management,4350.722454933993
927,2023-07-17,External Fraud,Asset Management,11186.01781903665
928,2023-07-18,Internal Fraud,Corporate Finance,1349.9767957971947
929,2023-07-19,Internal Fraud,Retail Banking,3776.059733237744
930,2023-07-20,Process Error,Retail Banking,5034.083468259226
931,2023-07-21,Internal Fraud,Asset Management,101848.5495550052
932,2023-07-22,Process Error,Corporate Finance,8926.189372729346
933,2023-07-23,Internal Fraud,Corporate Finance,6065.415969636713
934,2023-07-24,External Fraud,Corporate Finance,4230.026768941359
935,2023-07-25,Process Error,Corporate Finance,5233.785911790747
936,2023-07-26,Process Error,Corporate Finance,3444.1043537963724
937,2023-07-27,Internal Fraud,Retail Banking,13985.275192170111
938,2023-07-28,Internal Fraud,Retail Banking,5330.8802322144575
939,2023-07-29,Process Error,Retail Banking,7545.808577358057
940,2023-07-30,Internal Fraud,Asset Management,5833.528961608925
941,2023-07-31,External Fraud,Corporate Finance,27962.77537646593
942,2023-08-01,Internal Fraud,Asset Management,8213.860337825103
943,2023-08-02,External Fraud,Corporate Finance,25143.752765542064
944,2023-08-03,External Fraud,Retail Banking,3006.264357428545
945,2023-08-04,External Fraud,Asset Management,5374.056569847572
946,2023-08-05,External Fraud,Retail Banking,6227.668992473293
947,2023-08-06,External Fraud,Corporate Finance,10160.395806568202
948,2023-08-07,Internal Fraud,Corporate Finance,38083.17359239133
949,2023-08-08,External Fraud,Corporate Finance,17622.642882797612
950,2023-08-09,Internal Fraud,Retail Banking,11554.764186706709
951,2023-08-10,External Fraud,Corporate Finance,6115.108077779729
952,2023-08-11,Process Error,Retail Banking,3790.3589813087947
953,2023-08-12,External Fraud,Asset Management,39749.8296886065
954,2023-08-13,Process Error,Corporate Finance,6672.572386837704
955,2023-08-14,External Fraud,Corporate Finance,5419.019009366045
956,2023-08-15,External Fraud,Corporate Finance,16304.984441494265
957,2023-08-16,External Fraud,Asset Management,4294.988144241591
958,2023-08-17,Process Error,Corporate Finance,4944.230922342294
959,2023-08-18,Process Error,Retail Banking,13142.584005935261
960,2023-08-19,External Fraud,Retail Banking,5558.326912521722
961,2023-08-20,Internal Fraud,Corporate Finance,27821.99980615445
962,2023-08-21,External Fraud,Corporate Finance,5076.005391412412
963,2023-08-22,Process Error,Asset Management,5538.755992446369
964,2023-08-23,External Fraud,Asset Management,4079.326406920634
965,2023-08-24,Process Error,Asset Management,5169.360824036078
966,2023-08-25,Process Error,Corporate Finance,9621.506880877145
967,2023-08-26,Process Error,Asset Management,3586.2855030950195
968,2023-08-27,External Fraud,Asset Management,7663.099989046645
969,2023-08-28,Process Error,Retail Banking,4888.773938651299
970,2023-08-29,Process Error,Asset Management,23894.387862446285
971,2023-08-30,External Fraud,Retail Banking,32585.22856600468
972,2023-08-31,Process Error,Retail Banking,11545.48647541177
973,2023-09-01,External Fraud,Asset Management,4096.09235853521
974,2023-09-02,Process Error,Retail Banking,4264.4700574102335
975,2023-09-03,Internal Fraud,Corporate Finance,6236.093175210437
976,2023-09-04,Internal Fraud,Corporate Finance,25290.576184365218
977,2023-09-05,Process Error,Asset Management,6091.310120594269
978,2023-09-06,Internal Fraud,Corporate Finance,5609.138120907177
979,2023-09-07,External Fraud,Retail Banking,8479.565396153725
980,2023-09-08,Internal Fraud,Corporate Finance,3907.687235327421
981,2023-09-09,Process Error,Asset Management,14886.182290680135
982,2023-09-10,Process Error,Asset Management,4683.591550305198
983,2023-09-11,External Fraud,Retail Banking,6213.097699979184
984,2023-09-12,Process Error,Asset Management,7938.514770849902
985,2023-09-13,External Fraud,Corporate Finance,5141.716913639904
986,2023-09-14,Internal Fraud,Asset Management,6452.3520555437635
987,2023-09-15,Internal Fraud,Retail Banking,7319.329539981694
988,2023-09-16,External Fraud,Asset Management,5393.317839394372
989,2023-09-17,External Fraud,Corporate Finance,25993.6414015136
990,2023-09-18,Process Error,Retail Banking,1057.1340278224793
991,2023-09-19,Internal Fraud,Corporate Finance,36026.90073233798
992,2023-09-20,External Fraud,Retail Banking,5192.049116490031
993,2023-09-21,Internal Fraud,Asset Management,8878.515123929488
994,2023-09-22,External Fraud,Retail Banking,4690.883535797499
995,2023-09-23,Internal Fraud,Retail Banking,5133.540904782282
996,2023-09-24,Process Error,Asset Management,57457.23118685046
997,2023-09-25,Internal Fraud,Corporate Finance,4847.530163619456
998,2023-09-26,Internal Fraud,Asset Management,9809.064271402282
999,2023-09-27,Internal Fraud,Retail Banking,5708.10867668859
